municipality_upper,median_income,,coord,municipality
"AARTSELAAR","30.562","","51.1319 4.3827","Aartselaar"
"ANVERS","23.986","","51.2609 4.3695","Antwerp"
"BOECHOUT","30.579","","51.1605 4.5105","Boechout"
"BOOM","25.936","","51.0937 4.3731","Boom"
"BORSBEEK","26.591","","51.1915 4.488","Borsbeek"
"BRASSCHAAT","29.869","","51.31 4.4995","Brasschaat"
"BRECHT","30.339","","51.329 4.594","Brecht"
"EDEGEM","30.055","","51.159 4.4305","Edegem"
"ESSEN","28.732","","51.4485 4.4635","Essen"
"HEMIKSEM","28.673","","51.1455 4.3405","Hemiksem"
"HOVE","32.455","","51.1474 4.482","Hove"
"KALMTHOUT","30.452","","51.3988 4.4689","Kalmthout"
"KAPELLEN","31.018","","51.3339 4.4438","Kapellen"
"KONTICH","31.087","","51.1237 4.4445","Kontich"
"LINT","31.141","","51.129 4.511","Lint"
"MORTSEL","29.051","","51.1746 4.4612","Mortsel"
"NIEL","28.979","","51.1055 4.3395","Niel"
"RANST","30.592","","51.1927 4.5907","Ranst"
"RUMST","30.501","","51.0938 4.4214","Rumst"
"SCHELLE","29.692","","51.1226 4.3429","Schelle"
"SCHILDE","31.480","","51.2561 4.5814","Schilde"
"SCHOTEN","29.335","","51.2642 4.5083","Schoten"
"STABROEK","30.340","","51.327 4.3715","Stabroek"
"WIJNEGEM","28.909","","51.2296 4.5168","Wijnegem"
"WOMMELGEM","29.038","","51.205 4.522","Wommelgem"
"WUUSTWEZEL","29.468","","51.3855 4.5545","Wuustwezel"
"ZANDHOVEN","29.689","","51.2114 4.6793","Zandhoven"
"ZOERSEL","30.621","","51.2565 4.6455","Zoersel"
"ZWIJNDRECHT","28.031","","51.224 4.3235","Zwijndrecht"
"MALLE","29.321","","51.2934 4.7135","Malle"
"BERLAAR","28.875","","51.1072 4.6561","Berlaar"
"BONHEIDEN","31.765","","51.0185 4.569","Bonheiden"
"BORNEM","30.304","","51.0915 4.2055","Bornem"
"DUFFEL","29.422","","51.095 4.487","Duffel"
"HEIST-OP-DEN-BERG","29.221","","51.063 4.723","Heist-op-den-Berg"
"LIERRE","27.911","","51.1195 4.5745","Lier"
"MALINES","28.315","","51.0288 4.4503","Mechelen"
"NIJLEN","29.812","","51.1515 4.6855","Nijlen"
"PUTTE","30.027","","51.0506 4.6364","Putte"
"WAVRE-SAINTE-CATHERINE","30.654","","51.0625 4.5455","Sint-Katelijne-Waver"
"WILLEBROEK","27.404","","51.05 4.357","Willebroek"
"PUURS-SINT-AMANDS","30.699","","51.0645 4.2995","Puurs-Sint-Amands"
"ARENDONK","28.907","","51.3346 5.0854","Arendonk"
"BAERLE-DUC","26.918","","51.405 4.902","Baarle-Hertog"
"BALEN","29.103","","51.1586 5.1829","Balen"
"BEERSE","30.019","","51.3145 4.8231","Beerse"
"DESSEL","28.818","","51.2415 5.122","Dessel"
"GEEL","29.203","","51.166 4.972","Geel"
"GROBBENDONK","29.759","","51.1798 4.7391","Grobbendonk"
"HERENTALS","28.823","","51.1638 4.8276","Herentals"
"HERENTHOUT","28.920","","51.1391 4.7599","Herenthout"
"HERSELT","29.252","","51.0474 4.8829","Herselt"
"HOOGSTRATEN","29.005","","51.4405 4.7315","Hoogstraten"
"HULSHOUT","29.322","","51.0629 4.8123","Hulshout"
"KASTERLEE","30.016","","51.241 4.908","Kasterlee"
"LILLE","29.709","","51.253 4.834","Lille"
"MEERHOUT","29.093","","51.1246 5.0735","Meerhout"
"MERKSPLAS","29.583","","51.3704 4.8702","Merksplas"
"MOL","28.738","","51.2336 5.1527","Mol"
"OLEN","29.761","","51.1636 4.8854","Olen"
"OUD-TURNHOUT","29.366","","51.3208 5.0044","Oud-Turnhout"
"RAVELS","28.866","","51.4151 5.0261","Ravels"
"RETIE","29.423","","51.258 5.056","Retie"
"RIJKEVORSEL","28.897","","51.353 4.757","Rijkevorsel"
"TURNHOUT","26.116","","51.3285 4.937","Turnhout"
"VORSELAAR","29.370","","51.2177 4.773","Vorselaar"
"VOSSELAAR","30.552","","51.3055 4.8849","Vosselaar"
"WESTERLO","29.410","","51.1064 4.8818","Westerlo"
"LAAKDAL","29.427","","51.0755 4.9695","Laakdal"
"ANDERLECHT","20.512","","50.8288 4.2926","Anderlecht"
"AUDERGHEM","31.185","","50.8103 4.4374","Oudergem"
"BERCHEM-SAINTE-AGATHE","23.728","","50.8645 4.2941","Sint-Agatha-Berchem"
"BRUXELLES","21.862","","50.8729 4.3752","Brussels"
"ETTERBEEK","27.332","","50.833 4.3947","Etterbeek"
"EVERE","23.317","","50.869 4.407","Evere"
"FOREST","23.179","","50.8142 4.3243","Vorst"
"GANSHOREN","22.706","","50.8744 4.3095","Ganshoren"
"IXELLES","27.238","","50.8215 4.3795","Elsene"
"JETTE","23.189","","50.8816 4.3214","Jette"
"KOEKELBERG","21.141","","50.863 4.3241","Koekelberg"
"MOLENBEEK-SAINT-JEAN","19.739","","50.8551 4.3182","Sint-Jans-Molenbeek"
"SAINT-GILLES","22.615","","50.8296 4.3447","Sint-Gillis"
"SAINT-JOSSE-TEN-NOODE","19.288","","50.8535 4.3745","Sint-Joost-ten-Node"
"SCHAERBEEK","21.726","","50.862 4.385","Schaarbeek"
"UCCLE","28.800","","50.7899 4.3614","Ukkel"
"WATERMAEL-BOITSFORT","28.060","","50.7928 4.4236","Watermaal-Bosvoorde"
"WOLUWE-SAINT-LAMBERT","30.384","","50.8485 4.431","Sint-Lambrechts-Woluwe"
"WOLUWE-SAINT-PIERRE","34.690","","50.8335 4.4505","Sint-Pieters-Woluwe"
"ASSE","28.093","","50.9085 4.1745","Asse"
"BEERSEL","30.178","","50.7504 4.3019","Beersel"
"BIEVENE","30.175","","50.711 3.9315","Bever"
"DILBEEK","29.445","","50.8534 4.234","Dilbeek"
"GAMMERAGES","30.834","","50.7505 3.9915","Galmaarden"
"GOOIK","31.291","","50.7809 4.0958","Gooik"
"GRIMBERGEN","29.339","","50.9445 4.3764","Grimbergen"
"HAL","28.391","","50.7264 4.237","Halle"
"HERNE","30.914","","50.7225 4.0375","Herne"
"HOEILAART","33.214","","50.7612 4.4509","Hoeilaart"
"KAMPENHOUT","32.251","","50.94 4.544","Kampenhout"
"KAPELLE-OP-DEN-BOS","30.446","","51 4.355","Kapelle-op-den-Bos"
"LIEDEKERKE","28.297","","50.8667 4.0932","Liedekerke"
"LONDERZEEL","30.550","","51.0107 4.2765","Londerzeel"
"MACHELEN","26.468","","50.9027 4.444","Machelen"
"MEISE","31.023","","50.961 4.3158","Meise"
"MERCHTEM","30.125","","50.9514 4.2471","Merchtem"
"OPWIJK","30.573","","50.9605 4.1715","Opwijk"
"OVERIJSE","33.706","","50.7713 4.5328","Overijse"
"PEPINGEN","31.777","","50.7442 4.1477","Pepingen"
"SINT-PIETERS-LEEUW","27.265","","50.7885 4.2435","Sint-Pieters-Leeuw"
"STEENOKKERZEEL","31.058","","50.9209 4.4992","Steenokkerzeel"
"TERNAT","30.318","","50.8655 4.1795","Ternat"
"VILVORDE","26.685","","50.9302 4.4337","Vilvoorde"
"ZAVENTEM","29.890","","50.8711 4.4866","Zaventem"
"ZEMST","32.363","","50.978 4.449","Zemst"
"ROOSDAAL","31.008","","50.835 4.096","Roosdaal"
"DROGENBOS","26.079","","50.7934 4.309","Drogenbos"
"KRAAINEM","36.531","","50.8456 4.4714","Kraainem"
"LINKEBEEK","30.802","","50.7679 4.3454","Linkebeek"
"RHODE-SAINT-GENESE","32.120","","50.7443 4.3734","Sint-Genesius-Rode"
"WEMMEL","28.219","","50.909 4.3085","Wemmel"
"WEZEMBEEK-OPPEM","34.702","","50.844 4.4935","Wezembeek-Oppem"
"LENNIK","31.203","","50.8133 4.1636","Lennik"
"AFFLIGEM","30.506","","50.9042 4.1159","Affligem"
"AARSCHOT","29.467","","50.989 4.8646","Aarschot"
"BEGIJNENDIJK","30.459","","51.007 4.7846","Begijnendijk"
"BEKKEVOORT","30.341","","50.9345 4.9779","Bekkevoort"
"BERTEM","32.016","","50.8539 4.6097","Bertem"
"BIERBEEK","32.786","","50.83 4.7673","Bierbeek"
"BOORTMEERBEEK","32.156","","50.9805 4.5625","Boortmeerbeek"
"BOUTERSEM","32.777","","50.831 4.837","Boutersem"
"DIEST","28.903","","50.9965 5.0485","Diest"
"GEETBETS","28.808","","50.8915 5.1312","Geetbets"
"HAACHT","31.201","","50.964 4.6414","Haacht"
"HERENT","32.389","","50.9125 4.6325","Herent"
"HOEGAARDEN","31.278","","50.7791 4.8766","Hoegaarden"
"HOLSBEEK","32.608","","50.93 4.815","Holsbeek"
"HULDENBERG","31.861","","50.7897 4.6119","Huldenberg"
"KEERBERGEN","32.664","","51.0052 4.6543","Keerbergen"
"KORTENAKEN","30.103","","50.8895 5.0125","Kortenaken"
"KORTENBERG","31.882","","50.89 4.5689","Kortenberg"
"LANDEN","29.064","","50.7547 5.0617","Landen"
"LOUVAIN","29.834","","50.8821 4.7058","Leuven"
"LUBBEEK","32.118","","50.882 4.8287","Lubbeek"
"OUD-HEVERLEE","33.267","","50.8215 4.7235","Oud-Heverlee"
"ROTSELAAR","32.124","","50.957 4.757","Rotselaar"
"TERVUREN","34.814","","50.831 4.558","Tervuren(3)"
"TIRLEMONT","27.675","","50.808 4.936","Tienen"
"TREMELO","30.560","","50.9992 4.7267","Tremelo"
"LEAU","28.950","","50.8351 5.1011","Zoutleeuw"
"LINTER","30.091","","50.822 5.043","Linter"
"MONTAIGU-ZICHEM","28.946","","50.9995 4.962","Scherpenheuvel-Zichem"
"TIELT-WINGE","30.163","","50.9215 4.8845","Tielt-Winge"
"GLABBEEK","31.461","","50.867 4.9495","Glabbeek"
"BEAUVECHAIN","30.721","","50.7761 4.7646","Bevekom"
"BRAINE-L'ALLEUD","30.067","","50.6733 4.3547","Eigenbrakel"
"BRAINE-LE-CHATEAU","30.368","","50.6795 4.2575","Kasteelbrakel"
"CHAUMONT-GISTOUX","32.179","","50.6875 4.6975","Chaumont-Gistoux"
"COURT-SAINT-ETIENNE","29.601","","50.6265 4.5626","Court-Saint-Etienne"
"GENAPPE","29.451","","50.6101 4.4563","Genepiën"
"GREZ-DOICEAU","30.147","","50.7483 4.688","Graven"
"INCOURT","29.935","","50.6991 4.7814","Incourt"
"ITTRE","29.678","","50.6426 4.2578","Itter"
"JODOIGNE","28.353","","50.7283 4.8604","Geldenaken"
"LA HULPE","31.116","","50.7363 4.4646","Terhulpen"
"MONT-SAINT-GUIBERT","30.585","","50.635 4.617","Mont-Saint-Guibert"
"NIVELLES","28.374","","50.5969 4.3323","Nijvel"
"PERWEZ","29.618","","50.6345 4.7795","Perwijs"
"RIXENSART","31.531","","50.722 4.504","Rixensart"
"TUBIZE","26.724","","50.6902 4.1905","Tubeke"
"VILLERS-LA-VILLE","30.264","","50.5623 4.5266","Villers-la-Ville"
"WATERLOO","31.704","","50.7095 4.4037","Waterloo"
"WAVRE","28.318","","50.7158 4.5932","Waver"
"CHASTRE","31.039","","50.5894 4.6231","Chastre"
"HELECINE","28.833","","50.7465 4.9965","Hélécine"
"LASNE","32.466","","50.6823 4.4615","Lasne"
"ORP-JAUCHE","29.289","","50.6898 4.9632","Orp-Jauche"
"OTTIGNIES-LOUVAIN-LA-NEUVE","28.110","","50.6725 4.5625","Ottignies-Louvain-la-Neuve"
"RAMILLIES","29.845","","50.6595 4.886","Ramillies"
"REBECQ","27.888","","50.6714 4.1304","Rebecq"
"WALHAIN","31.165","","50.6313 4.6973","Walhain"
"BEERNEM","29.923","","51.15 3.342","Beernem"
"BLANKENBERGE","26.027","","51.302 3.1405","Blankenberge"
"BRUGES","28.757","","51.2605 3.222","Brugge"
"DAMME","29.827","","51.2522 3.3274","Damme"
"JABBEKE","31.093","","51.191 3.087","Jabbeke"
"OOSTKAMP","30.237","","51.1193 3.2303","Oostkamp"
"TORHOUT","28.932","","51.059 3.089","Torhout"
"ZEDELGEM","30.136","","51.1255 3.1365","Zedelgem"
"ZUIENKERKE","30.170","","51.252 3.128","Zuienkerke"
"KNOKKE-HEIST","28.421","","51.3325 3.3077","Knokke-Heist"
"DIXMUDE","28.018","","51.0455 2.847","Diksmuide"
"HOUTHULST","28.473","","50.9701 2.8963","Houthulst"
"KOEKELARE","28.279","","51.089 2.9639","Koekelare"
"KORTEMARK","28.411","","51.0248 3.0018","Kortemark"
"LO-RENINGE","27.900","","50.9605 2.776","Lo-Reninge"
"YPRES","27.984","","50.8665 2.8415","Ieper"
"MESSINES","24.911","","50.76 2.899","Mesen"
"POPERINGE","27.502","","50.866 2.67","Poperinge"
"WERVIK","27.175","","50.8102 3.0565","Wervik"
"ZONNEBEKE","28.514","","50.8645 3.0025","Zonnebeke"
"HEUVELLAND","27.870","","50.7756 2.8303","Heuvelland"
"LANGEMARK-POELKAPELLE","28.943","","50.9159 2.9294","Langemark-Poelkapelle"
"VLETEREN","27.817","","50.9195 2.7275","Vleteren"
"ANZEGEM","29.745","","50.8308 3.454","Anzegem"
"AVELGEM","28.445","","50.7777 3.4536","Avelgem"
"DEERLIJK","29.717","","50.8426 3.3662","Deerlijk"
"HARELBEKE","28.420","","50.8638 3.3074","Harelbeke"
"COURTRAI","27.727","","50.8 3.2645","Kortrijk"
"KUURNE","28.311","","50.86 3.271","Kuurne"
"LENDELEDE","29.174","","50.885 3.2305","Lendelede"
"MENIN","26.279","","50.7935 3.1965","Menen"
"WAREGEM","28.848","","50.878 3.419","Waregem"
"WEVELGEM","29.106","","50.8314 3.1738","Wevelgem"
"ZWEVEGEM","29.296","","50.7825 3.3815","Zwevegem"
"ESPIERRES-HELCHIN","27.167","","50.7306 3.3625","Spiere-Helkijn"
"BREDENE","28.387","","51.239 2.9765","Bredene"
"GISTEL","29.094","","51.1511 2.9432","Gistel"
"ICHTEGEM","29.144","","51.11 3.0305","Ichtegem"
"MIDDELKERKE","26.905","","51.1534 2.8384","Middelkerke"
"OSTENDE","25.635","","51.2155 2.921","Oostende"
"OUDENBURG","29.081","","51.1862 3.012","Oudenburg"
"LE COQ","27.692","","51.2618 3.0475","De Haan"
"HOOGLEDE","29.342","","50.9895 3.0824","Hooglede"
"INGELMUNSTER","28.535","","50.9215 3.2635","Ingelmunster"
"IZEGEM","28.412","","50.9211 3.2055","Izegem"
"LEDEGEM","28.736","","50.8705 3.1175","Ledegem"
"LICHTERVELDE","29.572","","51.028 3.1462","Lichtervelde"
"MOORSLEDE","28.419","","50.8825 3.0725","Moorslede"
"ROULERS","27.912","","50.9369 3.1336","Roeselare"
"STADEN","28.347","","50.9575 3.0005","Staden"
"DENTERGEM","29.129","","50.9532 3.4065","Dentergem"
"MEULEBEKE","28.696","","50.951 3.295","Meulebeke"
"OOSTROZEBEKE","28.641","","50.9306 3.3372","Oostrozebeke"
"PITTEM","28.800","","51.001 3.259","Pittem"
"RUISELEDE","29.327","","51.0625 3.3655","Ruiselede"
"TIELT","28.345","","51.0075 3.3325","Tielt"
"WIELSBEKE","28.916","","50.912 3.3674","Wielsbeke"
"WINGENE","29.349","","51.0595 3.2598","Wingene"
"ARDOOIE","28.592","","50.9816 3.203","Ardooie"
"ALVERINGEM","28.366","","50.9755 2.6585","Alveringem"
"LA PANNE","26.478","","51.0808 2.5884","De Panne"
"KOKSIJDE","28.208","","51.1155 2.6795","Koksijde"
"NIEUPORT","26.113","","51.125 2.7648","Nieuwpoort"
"FURNES","28.019","","51.0466 2.6648","Veurne"
"ALOST","27.791","","50.9446 4.0687","Aalst"
"DENDERLEEUW","28.330","","50.888 4.0595","Denderleeuw"
"GRAMMONT","28.112","","50.7796 3.904","Geraardsbergen"
"HAALTERT","30.158","","50.8846 3.9933","Haaltert"
"HERZELE","30.466","","50.8703 3.8924","Herzele"
"LEDE","30.201","","50.9675 3.9655","Lede"
"NINOVE","28.277","","50.8261 4.0049","Ninove"
"SINT-LIEVENS-HOUTEM","31.036","","50.931 3.8758","Sint-Lievens-Houtem"
"ZOTTEGEM","30.015","","50.864 3.801","Zottegem"
"ERPE-MERE","30.078","","50.9215 3.9519","Erpe-Mere"
"BERLARE","29.517","","51.039 3.963","Berlare"
"BUGGENHOUT","30.290","","51.0119 4.1988","Buggenhout"
"TERMONDE","28.592","","51.0285 4.1275","Dendermonde"
"HAMME","28.110","","51.0782 4.1397","Hamme"
"LAARNE","30.940","","51.0465 3.9115","Laarne"
"LEBBEKE","29.367","","50.9924 4.119","Lebbeke"
"WAASMUNSTER","30.233","","51.1185 4.0395","Waasmunster"
"WETTEREN","28.519","","50.9945 3.8703","Wetteren"
"WICHELEN","30.220","","50.9987 3.9535","Wichelen"
"ZELE","27.557","","51.0673 4.0359","Zele"
"ASSENEDE","30.144","","51.2245 3.704","Assenede"
"EEKLO","26.914","","51.1945 3.5622","Eeklo"
"KAPRIJKE","29.970","","51.2081 3.6271","Kaprijke"
"MALDEGEM","29.059","","51.1981 3.4504","Maldegem"
"SINT-LAUREINS","29.657","","51.26 3.5803","Sint-Laureins"
"ZELZATE","26.995","","51.198 3.8105","Zelzate"
"DE PINTE","33.543","","50.9859 3.6693","De Pinte"
"DESTELBERGEN","30.895","","51.0443 3.8094","Destelbergen"
"EVERGEM","29.920","","51.143 3.7155","Evergem"
"GAVERE","30.651","","50.929 3.69","Gavere"
"GAND","27.371","","51.0743 3.7254","Gent"
"LOCHRISTI","31.275","","51.1032 3.8571","Lochristi"
"MELLE","31.281","","50.9969 3.7964","Melle"
"MERELBEKE","31.671","","50.9743 3.7407","Merelbeke"
"MOERBEKE","30.310","","51.1824 3.945","Moerbeke"
"NAZARETH","30.824","","50.9585 3.6275","Nazareth"
"OOSTERZELE","31.790","","50.9388 3.7971","Oosterzele"
"SINT-MARTENS-LATEM","32.789","","51.0085 3.623","Sint-Martens-Latem"
"WACHTEBEKE","29.874","","51.1835 3.8685","Wachtebeke"
"ZULTE","29.906","","50.9373 3.4724","Zulte"
"DEINZE","30.105","","51.018 3.5316","Deinze"
"AALTER","30.174","","51.0953 3.4473","Aalter"
"LIEVEGEM","29.607","","51.125 3.561","Lievegem"
"AUDENARDE","29.192","","50.8535 3.6209","Oudenaarde"
"RENAIX","24.855","","50.7496 3.6077","Ronse"
"BRAKEL","29.500","","50.797 3.749","Brakel"
"KLUISBERGEN","29.559","","50.7845 3.5385","Kluisbergen"
"WORTEGEM-PETEGEM","31.580","","50.8485 3.5276","Wortegem-Petegem"
"HOREBEKE","30.630","","50.8322 3.6946","Horebeke"
"LIERDE","30.184","","50.8054 3.8364","Lierde"
"MAARKEDAL","30.747","","50.7952 3.641","Maarkedal"
"ZWALM","30.817","","50.8772 3.7239","Zwalm"
"KRUISEM","30.776","","50.9081 3.561","Kruisem"
"BEVEREN","29.867","","51.26 4.236","Beveren"
"KRUIBEKE","29.497","","51.1578 4.2918","Kruibeke"
"LOKEREN","28.272","","51.1134 3.9615","Lokeren"
"SINT-GILLIS-WAAS","29.727","","51.2298 4.1189","Sint-Gillis-Waas"
"SAINT-NICOLAS, Flandre-Orientale","26.293","","51.1648 4.1087","Sint-Niklaas"
"STEKENE","29.369","","51.2123 4.0285","Stekene"
"TAMISE","27.888","","51.1385 4.207","Temse"
"ATH","27.317","","50.6395 3.7729","Aat"
"BELOEIL","26.785","","50.5326 3.6886","Beloeil"
"BERNISSART","25.843","","50.4785 3.6515","Bernissart"
"BRUGELETTE","27.931","","50.6021 3.8672","Brugelette"
"CHIEVRES","27.965","","50.5712 3.784","Chièvres"
"ELLEZELLES","28.244","","50.729 3.683","Elzele"
"FLOBECQ","27.778","","50.7535 3.7316","Vloesberg"
"FRASNES-LEZ-ANVAING","28.021","","50.6823 3.6007","Frasnes-lez-Anvaing"
"ENGHIEN","28.203","","50.6725 4.0025","Edingen"
"SILLY","29.855","","50.6425 3.9285","Opzullik"
"LESSINES","26.402","","50.7125 3.8331","Lessen"
"CHAPELLE-LEZ-HERLAIMONT","24.779","","50.4626 4.2876","Chapelle-lez-Herlaimont"
"CHARLEROI","21.610","","50.421 4.4345","Charleroi"
"CHATELET","22.741","","50.3972 4.5224","Châtelet"
"COURCELLES","24.451","","50.4725 4.3411","Courcelles"
"FARCIENNES","21.279","","50.4344 4.547","Farciennes"
"FLEURUS","25.155","","50.4862 4.5392","Fleurus"
"FONTAINE-L'EVEQUE","24.753","","50.4073 4.3218","Fontaine-l’Evêque"
"GERPINNES","28.736","","50.347 4.5265","Gerpinnes"
"MONTIGNY-LE-TILLEUL","28.401","","50.3763 4.3711","Montigny-le-Tilleul"
"PONT-A-CELLES","28.475","","50.5155 4.3545","Pont-à-Celles"
"AISEAU-PRESLES","24.641","","50.403 4.574","Aiseau-Presles"
"LES BONS VILLERS","28.924","","50.5278 4.4481","Les Bons Villers"
"BOUSSU","22.992","","50.4235 3.801","Boussu"
"DOUR","24.034","","50.3873 3.7869","Dour"
"FRAMERIES","24.262","","50.383 3.879","Frameries"
"HENSIES","24.892","","50.4357 3.7139","Hensies"
"JURBISE","32.045","","50.522 3.899","Jurbeke"
"LENS","29.018","","50.578 3.944","Lens"
"MONS","25.159","","50.4525 3.9718","Bergen"
"QUAREGNON","22.621","","50.4378 3.8585","Quaregnon"
"QUIEVRAIN","23.091","","50.396 3.695","Quiévrain"
"SAINT-GHISLAIN","25.983","","50.49 3.788","Saint-Ghislain"
"COLFONTAINE","22.351","","50.407 3.842","Colfontaine"
"HONNELLES","27.493","","50.3435 3.6975","Honnelles"
"QUEVY","28.533","","50.3665 3.9543","Quévy"
"BRAINE-LE-COMTE","27.693","","50.617 4.183","’s Gravenbrakel"
"LE ROEULX","27.915","","50.5073 4.1061","Le Roeulx"
"SOIGNIES","27.757","","50.5662 4.0384","Zinnik"
"ECAUSSINNES","27.538","","50.5628 4.1795","Ecaussinnes"
"SENEFFE","28.228","","50.549 4.261","Seneffe"
"MANAGE","24.184","","50.4931 4.239","Manage"
"ANDERLUES","24.877","","50.4037 4.2657","Anderlues"
"BEAUMONT","25.687","","50.227 4.2555","Beaumont"
"CHIMAY","23.914","","50.0409 4.3243","Chimay"
"ERQUELINNES","24.298","","50.3038 4.1386","Erquelinnes"
"FROIDCHAPELLE","24.711","","50.1425 4.3415","Froidchapelle"
"LOBBES","28.419","","50.3545 4.2435","Lobbes"
"MERBES-LE-CHATEAU","26.052","","50.321 4.1944","Merbes-le-Château"
"MOMIGNIES","23.262","","50.009 4.189","Momignies"
"THUIN","26.831","","50.3242 4.3108","Thuin"
"HAM-SUR-HEURE-NALINNES","30.062","","50.3275 4.4139","Ham-sur-Heure-Nalinnes"
"SIVRY-RANCE","25.112","","50.1601 4.2104","Sivry-Rance"
"ANTOING","25.552","","50.5561 3.4657","Antoing"
"CELLES","27.542","","50.7037 3.449","Celles"
"ESTAIMPUIS","26.416","","50.6876 3.2885","Estaimpuis"
"PECQ","26.811","","50.6851 3.3567","Pecq"
"PERUWELZ","25.309","","50.5335 3.5625","Péruwelz"
"RUMES","27.018","","50.543 3.308","Rumes"
"TOURNAI","25.758","","50.6205 3.4105","Doornik"
"BRUNEHAUT","27.424","","50.529 3.396","Brunehaut"
"LEUZE-EN-HAINAUT","26.944","","50.5972 3.6288","Leuze-en-Hainaut"
"MONT-DE-L'ENCLUS","28.291","","50.738 3.5045","Mont-de-l’Enclus"
"MOUSCRON","24.738","","50.7364 3.2511","Moeskroen"
"COMINES-WARNETON","24.934","","50.7515 2.9302","Komen-Waasten"
"LA LOUVIERE","23.632","","50.4736 4.1567","La Louvière"
"BINCHE","25.052","","50.398 4.203","Binche"
"ESTINNES","27.433","","50.3788 4.1007","Estinnes"
"MORLANWELZ","24.732","","50.4475 4.2436","Morlanwelz"
"AMAY","26.224","","50.553 5.3116","Amay"
"BURDINNE","31.387","","50.5815 5.0535","Burdinne"
"CLAVIER","28.893","","50.413 5.365","Clavier"
"FERRIERES","28.903","","50.4072 5.6209","Ferrières"
"HAMOIR","27.294","","50.4372 5.5551","Hamoir"
"HERON","30.646","","50.5405 5.1054","Héron"
"HUY","24.357","","50.5035 5.1645","Hoei"
"MARCHIN","28.727","","50.4675 5.2375","Marchin"
"MODAVE","29.271","","50.4715 5.295","Modave"
"NANDRIN","31.172","","50.516 5.418","Nandrin"
"OUFFET","27.963","","50.4455 5.4605","Ouffet"
"VERLAINE","30.987","","50.6089 5.3024","Verlaine"
"VILLERS-LE-BOUILLET","29.243","","50.5933 5.2427","Villers-Le-Bouillet"
"WANZE","28.011","","50.5504 5.198","Wanze"
"ANTHISNES","29.235","","50.4893 5.4984","Anthisnes"
"ENGIS","25.586","","50.5575 5.3888","Engis"
"TINLOT","30.378","","50.4751 5.3799","Tinlot"
"ANS","25.054","","50.686 5.497","Ans"
"AWANS","28.293","","50.6927 5.4552","Awans"
"AYWAILLE","27.272","","50.458 5.687","Aywaille"
"BASSENGE","27.525","","50.7695 5.6345","Bitsingen"
"BEYNE-HEUSAY","25.546","","50.6284 5.6614","Beyne-Heusay"
"CHAUDFONTAINE","29.212","","50.582 5.6345","Chaudfontaine"
"COMBLAIN-AU-PONT","25.677","","50.4855 5.5625","Comblain-au-Pont"
"DALHEM","29.933","","50.7206 5.7591","Dalhem"
"ESNEUX","29.185","","50.5376 5.5688","Esneux"
"FLERON","25.749","","50.6152 5.6841","Fléron"
"HERSTAL","23.921","","50.6815 5.6065","Herstal"
"JUPRELLE","29.184","","50.7153 5.5463","Juprelle"
"LIEGE","22.342","","50.6317 5.5904","Luik"
"OUPEYE","26.216","","50.7211 5.6415","Oupeye"
"SAINT-NICOLAS, Liège","22.985","","50.6315 5.5275","Saint-Nicolas"
"SERAING","22.498","","50.588 5.511","Seraing"
"SOUMAGNE","27.645","","50.6324 5.7312","Soumagne"
"SPRIMONT","29.682","","50.5191 5.6661","Sprimont"
"VISE","26.384","","50.7415 5.6865","Wezet"
"GRACE-HOLLOGNE","24.818","","50.6375 5.431","Grâce-Hollogne"
"BLEGNY","28.694","","50.6743 5.7087","Blegny"
"FLEMALLE","25.236","","50.597 5.4414","Flémalle"
"NEUPRE","31.466","","50.5441 5.4882","Neupré"
"TROOZ","27.524","","50.5715 5.6655","Trooz"
"AMBLEVE","29.702","","50.3455 6.1814","Amel"
"AUBEL","28.358","","50.7007 5.8514","Aubel"
"BAELEN","28.182","","50.585 6.037","Baelen"
"BULLANGE","28.221","","50.403 6.3115","Büllingen"
"BUTGENBACH","27.968","","50.458 6.195","Bütgenbach"
"DISON","22.000","","50.6155 5.876","Dison"
"EUPEN","25.981","","50.6105 6.0635","Eupen"
"HERVE","28.696","","50.6487 5.7962","Herve"
"JALHAY","30.499","","50.5309 5.9664","Jalhay"
"LA CALAMINE","25.715","","50.7176 6.0234","Kelmis"
"LIERNEUX","28.503","","50.3077 5.7857","Lierneux"
"LIMBOURG","27.587","","50.6113 5.9374","Limburg"
"LONTZEN","28.322","","50.677 6.014","Lontzen"
"MALMEDY","27.116","","50.4315 6.0416","Malmedy"
"OLNE","30.516","","50.587 5.716","Olne"
"PEPINSTER","26.779","","50.5722 5.7969","Pepinster"
"RAEREN","28.877","","50.6646 6.1264","Raeren"
"SAINT-VITH","30.037","","50.2915 6.0405","Sankt Vith"
"SPA","25.354","","50.472 5.867","Spa"
"STAVELOT","27.533","","50.4165 5.9581","Stavelot"
"STOUMONT","28.812","","50.4082 5.7985","Stoumont"
"THEUX","29.184","","50.501 5.806","Theux"
"VERVIERS","22.871","","50.585 5.8668","Verviers"
"WAIMES","27.786","","50.4624 6.1248","Weismes"
"WELKENRAEDT","27.388","","50.663 5.921","Welkenraedt"
"TROIS-PONTS","27.254","","50.3555 5.9375","Trois-Ponts"
"BURG-REULAND","32.455","","50.2035 6.0929","Burg-Reuland"
"PLOMBIERES","27.156","","50.7256 5.9491","Plombières"
"THIMISTER-CLERMONT","29.954","","50.6629 5.8697","Thimister-Clermont"
"BERLOZ","29.834","","50.7038 5.2031","Berloz"
"BRAIVES","29.754","","50.6154 5.1494","Braives"
"CRISNEE","29.091","","50.7107 5.3969","Crisnée"
"DONCEEL","30.893","","50.6493 5.3261","Donceel"
"FEXHE-LE-HAUT-CLOCHER","29.459","","50.6636 5.4021","Fexhe-le-Haut-Clocher"
"GEER","30.968","","50.6705 5.1835","Geer"
"HANNUT","29.004","","50.666 5.0731","Hannuit"
"LINCENT","28.654","","50.7214 5.0276","Lijsem"
"OREYE","29.365","","50.7235 5.349","Oerle"
"REMICOURT","29.877","","50.6856 5.3412","Remicourt"
"SAINT-GEORGES-SUR-MEUSE","27.473","","50.5966 5.3607","Saint-Georges-sur-Meuse"
"WAREMME","26.996","","50.692 5.2635","Borgworm"
"WASSEIGES","28.362","","50.6178 5.0244","Wasseiges"
"FAIMES","30.979","","50.647 5.2395","Faimes"
"AS","29.307","","51.007 5.559","As"
"BERINGEN","27.507","","51.0654 5.2358","Beringen"
"DIEPENBEEK","29.637","","50.9115 5.4175","Diepenbeek"
"GENK","26.282","","50.9671 5.4948","Genk"
"GINGELOM","29.420","","50.7325 5.1395","Gingelom"
"HALEN","29.302","","50.9499 5.0942","Halen"
"HASSELT","28.875","","50.9353 5.3084","Hasselt"
"HERCK-LA-VILLE","29.594","","50.9373 5.1779","Herk-de-Stad"
"BOURG-LEOPOLD","27.191","","51.1174 5.2506","Leopoldsburg"
"LUMMEN","29.862","","50.9952 5.1831","Lummen"
"NIEUWERKERKEN","28.710","","50.881 5.235","Nieuwerkerken"
"SAINT-TROND","27.603","","50.813 5.197","Sint-Truiden"
"TESSENDERLO","29.216","","51.0548 5.0692","Tessenderlo"
"ZONHOVEN","29.400","","50.9918 5.3765","Zonhoven"
"ZUTENDAAL","29.533","","50.936 5.571","Zutendaal"
"HAM","29.195","","51.1002 5.1608","Ham"
"HEUSDEN-ZOLDER","27.275","","51.0199 5.2892","Heusden-Zolder"
"BOCHOLT","28.125","","51.187 5.5637","Bocholt"
"BREE","28.102","","51.144 5.632","Bree"
"KINROOI","28.240","","51.1545 5.757","Kinrooi"
"LOMMEL","28.448","","51.2255 5.302","Lommel"
"MAASEIK","27.961","","51.0879 5.7152","Maaseik"
"PEER","28.885","","51.1284 5.4616","Peer"
"HAMONT-ACHEL","27.587","","51.26 5.5073","Hamont-Achel"
"HECHTEL-EKSEL","28.580","","51.1385 5.3463","Hechtel-Eksel"
"HOUTHALEN-HELCHTEREN","27.259","","51.0525 5.3875","Houthalen-Helchteren"
"DILSEN-STOKKEM","27.771","","51.036 5.712","Dilsen-Stokkem"
"OUDSBERGEN","29.287","","51.0749 5.5563","Oudsbergen"
"PELT","28.388","","51.22 5.4245","Pelt"
"ALKEN","29.770","","50.8784 5.2904","Alken"
"BILZEN","28.855","","50.8695 5.5325","Bilzen"
"LOOZ","28.756","","50.807 5.364","Borgloon"
"HEERS","28.749","","50.7536 5.3119","Heers"
"HOESELT","29.058","","50.8449 5.4727","Hoeselt"
"KORTESSEM","29.536","","50.8531 5.4059","Kortessem"
"LANAKEN","28.217","","50.8994 5.6443","Lanaken"
"RIEMST","29.456","","50.8054 5.5922","Riemst"
"TONGRES","27.872","","50.771 5.44","Tongeren**"
"WELLEN","29.502","","50.8428 5.3234","Wellen"
"MAASMECHELEN","26.170","","50.969 5.678","Maasmechelen"
"FOURONS","28.673","","50.7465 5.8645","Voeren"
"ARLON","34.822","","49.6745 5.8355","Aarlen"
"ATTERT","42.211","","49.747 5.7545","Attert"
"AUBANGE","30.250","","49.5755 5.7885","Aubange"
"MARTELANGE","31.868","","49.8111 5.7246","Martelange"
"MESSANCY","37.226","","49.6148 5.8114","Messancy"
"BASTOGNE","29.270","","50.0156 5.7615","Bastenaken"
"BERTOGNE","30.175","","50.0632 5.646","Bertogne"
"FAUVILLERS","32.362","","49.881 5.699","Fauvillers"
"HOUFFALIZE","28.172","","50.149 5.739","Houffalize"
"VIELSALM","26.692","","50.2835 5.9035","Vielsalm"
"VAUX-SUR-SURE","30.709","","49.9342 5.6064","Vaux-sur-Sûre"
"GOUVY","27.512","","50.19 5.911","Gouvy"
"SAINTE-ODE","27.911","","50.025 5.5279","Sainte-Ode"
"DURBUY","26.277","","50.365 5.489","Durbuy"
"EREZEE","26.801","","50.2945 5.5835","Erezée"
"HOTTON","26.198","","50.2675 5.4365","Hotton"
"LA ROCHE-EN-ARDENNE","26.190","","50.1671 5.605","La Roche-en-Ardenne"
"MARCHE-EN-FAMENNE","26.443","","50.218 5.34","Marche-en-Famenne"
"NASSOGNE","27.389","","50.1395 5.3545","Nassogne"
"RENDEUX","26.909","","50.2145 5.4925","Rendeux"
"TENNEVILLE","29.283","","50.0995 5.5445","Tenneville"
"MANHAY","28.508","","50.289 5.6627","Manhay"
"BERTRIX","26.463","","49.854 5.2462","Bertrix"
"BOUILLON","24.705","","49.806 5.0831","Bouillon"
"DAVERDISSE","25.585","","50.003 5.099","Daverdisse"
"HERBEUMONT","26.888","","49.7955 5.306","Herbeumont"
"LEGLISE","32.384","","49.8175 5.5585","Léglise"
"LIBIN","28.079","","49.9782 5.2382","Libin"
"NEUFCHATEAU","28.691","","49.851 5.4332","Neufchâteau"
"PALISEUL","26.658","","49.9078 5.137","Paliseul"
"SAINT-HUBERT","26.357","","50.038 5.3445","Saint-Hubert"
"TELLIN","26.993","","50.0755 5.2255","Tellin"
"WELLIN","26.609","","50.0601 5.0985","Wellin"
"LIBRAMONT-CHEVIGNY","28.589","","49.9462 5.4225","Libramont-Chevigny"
"CHINY","27.935","","49.721 5.3955","Chiny"
"ETALLE","34.978","","49.6639 5.6088","Etalle"
"FLORENVILLE","24.938","","49.7078 5.2755","Florenville"
"MEIX-DEVANT-VIRTON","28.696","","49.6036 5.4699","Meix-devant-Virton"
"MUSSON","31.854","","49.5694 5.6808","Musson"
"SAINT-LEGER","34.924","","49.616 5.645","Saint-Léger"
"TINTIGNY","30.960","","49.686 5.4843","Tintigny"
"VIRTON","27.464","","49.5725 5.5725","Virton"
"HABAY","34.120","","49.735 5.617","Habay"
"ROUVROY","27.517","","49.536 5.4875","Rouvroy"
"ANHEE","27.395","","50.32 4.766","Anhée"
"BEAURAING","25.451","","50.0915 4.95","Beauraing"
"BIEVRE","25.281","","49.9295 5.025","Bièvre"
"CINEY","26.943","","50.2694 5.1227","Ciney"
"DINANT","24.333","","50.2495 4.9432","Dinant"
"GEDINNE","25.248","","49.9845 4.8995","Gedinne"
"HAMOIS","29.134","","50.3375 5.1645","Hamois"
"HAVELANGE","27.860","","50.3612 5.248","Havelange"
"HOUYET","26.583","","50.1915 5.0315","Houyet"
"ONHAYE","27.881","","50.263 4.815","Onhaye"
"ROCHEFORT","26.292","","50.157 5.1692","Rochefort"
"SOMME-LEUZE","27.472","","50.2995 5.3186","Somme-Leuze"
"YVOIR","28.730","","50.3225 4.9785","Yvoir"
"HASTIERE","23.249","","50.195 4.8259","Hastière"
"VRESSE-SUR-SEMOIS","24.181","","49.8503 4.9158","Vresse-sur-Semois"
"ANDENNE","26.552","","50.4895 5.063","Andenne"
"ASSESSE","30.399","","50.376 4.9985","Assesse"
"EGHEZEE","29.670","","50.5866 4.8939","Eghezée"
"FLOREFFE","29.509","","50.4352 4.7557","Floreffe"
"FOSSES-LA-VILLE","27.590","","50.3932 4.6812","Fosses-la-Ville"
"GESVES","29.941","","50.4224 5.0534","Gesves"
"METTET","28.138","","50.3205 4.675","Mettet"
"NAMUR","26.135","","50.4605 4.8727","Namen"
"OHEY","28.869","","50.4358 5.1663","Ohey"
"PROFONDEVILLE","29.331","","50.377 4.843","Profondeville"
"SOMBREFFE","29.092","","50.5266 4.6026","Sombreffe"
"SAMBREVILLE","25.118","","50.4465 4.6215","Sambreville"
"FERNELMONT","30.118","","50.554 4.9871","Fernelmont"
"JEMEPPE-SUR-SAMBRE","27.303","","50.4675 4.677","Jemeppe-sur-Sambre"
"LA BRUYERE","31.326","","50.5297 4.8099","La Bruyère"
"GEMBLOUX","29.671","","50.5543 4.7091","Gembloux"
"CERFONTAINE","26.869","","50.1815 4.4405","Cerfontaine"
"COUVIN","23.960","","50.0379 4.4809","Couvin"
"DOISCHE","25.033","","50.151 4.759","Doische"
"FLORENNE","26.334","","50.2605 4.5675","Florennes"
"PHILIPPEVILLE","25.695","","50.161 4.546","Philippeville"
"WALCOURT","27.975","","50.2725 4.4555","Walcourt"
"VIROINVAL","23.930","","50.05 4.624","Viroinval"
